[{"id":"1","title":"The Accursed God","author":"vivek dutta","price":"199","rating":"4.9"},{"id":"4","title":"Harry Potter and the Prisoner of Azkaban ","author":"JK Rowling","price":"400","rating":"4.6"},{"id":"5","title":"Harry Potter and the Goblet of Fire","author":"JK Rowling","price":"450","rating":"4.7"},{"id":"6","title":"Harry Potter and the Order of the Phoenix","author":"JK Rowling","price":"509","rating":"4.7"},{"id":"1ac3fc90-1735-4510-b51f-ab867fed1ce1","title":"new book","author":"new author","price":"333","rating":"4"},{"id":"d7c610ff-f045-45d1-bee6-c83fe4bb916c","title":"updated book","author":"vivek","price":"222","rating":5},{"id":"b26ca6c7-db68-4090-80c8-6d1a90d2e168","title":"new title","author":"JK Rowling","price":"259","rating":"4.7"},{"id":"f1ebf8d9-46f2-4343-b48a-26151a5a78a2","title":"new title","author":"JK Rowling","price":"259","rating":"4.7"},{"id":"bb5b0e1e-d0d0-4ece-9444-af249f37c7fa","title":"new one title","author":"JK Rowling","price":"259","rating":"4.7"}]